q_learning,tit_for_tat,accumulate_credits,detective,grudger
3.8,8.1,3.9,9.75,0.0
3.8,8.1,3.9,9.75,0.0
3.8,8.1,3.9,9.75,0.0
3.8,8.1,3.9,9.75,0.0
3.8,8.1,3.9,9.75,0.0
4.45,11.4,9.85,0.0,8.9
4.45,11.4,9.85,0.0,8.9
4.45,11.4,9.85,0.0,8.9
4.45,11.4,9.85,0.0,8.9
4.45,11.4,9.85,0.0,8.9
4.6,0.0,0.0,13.35,7.55
4.6,0.0,0.0,13.35,7.55
4.6,0.0,0.0,13.35,7.55
4.6,0.0,0.0,13.35,7.55
4.6,0.0,0.0,13.35,7.55
3.65,0.0,0.0,0.0,0.0
3.65,0.0,0.0,0.0,0.0
3.65,0.0,0.0,0.0,0.0
3.65,0.0,0.0,0.0,0.0
3.65,0.0,0.0,0.0,0.0
5.8,11.1,0.0,6.9,0.0
5.8,11.1,0.0,6.9,0.0
5.8,11.1,0.0,6.9,0.0
5.8,11.1,0.0,6.9,0.0
5.8,11.1,0.0,6.9,0.0
4.55,13.4,13.5,12.0,9.0
4.55,13.4,13.5,12.0,9.0
4.55,13.4,13.5,12.0,9.0
4.55,13.4,13.5,12.0,9.0
4.55,13.4,13.5,12.0,9.0
4.75,9.75,0.0,3.05,13.5
4.75,9.75,0.0,3.05,13.5
4.75,9.75,0.0,3.05,13.5
4.75,9.75,0.0,3.05,13.5
4.75,9.75,0.0,3.05,13.5
6.3,0.0,0.0,12.0,9.05
6.3,0.0,0.0,12.0,9.05
6.3,0.0,0.0,12.0,9.05
6.3,0.0,0.0,12.0,9.05
6.3,0.0,0.0,12.0,9.05
5.65,2.3,0.0,0.0,0.0
5.65,2.3,0.0,0.0,0.0
5.65,2.3,0.0,0.0,0.0
5.65,2.3,0.0,0.0,0.0
5.65,2.3,0.0,0.0,0.0
4.85,13.4,0.0,0.0,0.0
4.85,13.4,0.0,0.0,0.0
4.85,13.4,0.0,0.0,0.0
4.85,13.4,0.0,0.0,0.0
4.85,13.4,0.0,0.0,0.0
4.25,5.7,0.0,0.0,1.5
4.25,5.7,0.0,0.0,1.5
4.25,5.7,0.0,0.0,1.5
4.25,5.7,0.0,0.0,1.5
4.25,5.7,0.0,0.0,1.5
5.3,13.6,0.0,0.0,4.4
5.3,13.6,0.0,0.0,4.4
5.3,13.6,0.0,0.0,4.4
5.3,13.6,0.0,0.0,4.4
5.3,13.6,0.0,0.0,4.4
6.6,9.0,0.0,0.0,0.0
6.6,9.0,0.0,0.0,0.0
6.6,9.0,0.0,0.0,0.0
6.6,9.0,0.0,0.0,0.0
6.6,9.0,0.0,0.0,0.0
4.55,2.4,6.0,12.0,0.0
4.55,2.4,6.0,12.0,0.0
4.55,2.4,6.0,12.0,0.0
4.55,2.4,6.0,12.0,0.0
4.55,2.4,6.0,12.0,0.0
4.75,9.7,0.0,7.5,1.5
4.75,9.7,0.0,7.5,1.5
4.75,9.7,0.0,7.5,1.5
4.75,9.7,0.0,7.5,1.5
4.75,9.7,0.0,7.5,1.5
4.4,9.95,1.55,0.0,13.55
4.4,9.95,1.55,0.0,13.55
4.4,9.95,1.55,0.0,13.55
4.4,9.95,1.55,0.0,13.55
4.4,9.95,1.55,0.0,13.55
6.3,10.95,0.0,1.5,0.0
6.3,10.95,0.0,1.5,0.0
6.3,10.95,0.0,1.5,0.0
6.3,10.95,0.0,1.5,0.0
6.3,10.95,0.0,1.5,0.0
6.15,4.5,10.35,3.05,0.0
6.15,4.5,10.35,3.05,0.0
6.15,4.5,10.35,3.05,0.0
6.15,4.5,10.35,3.05,0.0
6.15,4.5,10.35,3.05,0.0
5.6,9.75,12.0,7.5,1.5
5.6,9.75,12.0,7.5,1.5
5.6,9.75,12.0,7.5,1.5
5.6,9.75,12.0,7.5,1.5
5.6,9.75,12.0,7.5,1.5
4.2,12.75,6.05,0.0,0.0
4.2,12.75,6.05,0.0,0.0
4.2,12.75,6.05,0.0,0.0
4.2,12.75,6.05,0.0,0.0
4.2,12.75,6.05,0.0,0.0
3.2,10.35,3.0,0.0,1.5
3.2,10.35,3.0,0.0,1.5
3.2,10.35,3.0,0.0,1.5
3.2,10.35,3.0,0.0,1.5
3.2,10.35,3.0,0.0,1.5
5.3,9.75,9.0,0.0,0.0
5.3,9.75,9.0,0.0,0.0
5.3,9.75,9.0,0.0,0.0
5.3,9.75,9.0,0.0,0.0
5.3,9.75,9.0,0.0,0.0
4.8,5.85,0.0,0.0,0.0
4.8,5.85,0.0,0.0,0.0
4.8,5.85,0.0,0.0,0.0
4.8,5.85,0.0,0.0,0.0
4.8,5.85,0.0,0.0,0.0
6.3,7.2,13.5,0.0,9.05
6.3,7.2,13.5,0.0,9.05
6.3,7.2,13.5,0.0,9.05
6.3,7.2,13.5,0.0,9.05
6.3,7.2,13.5,0.0,9.05
4.55,9.95,3.0,0.0,9.05
4.55,9.95,3.0,0.0,9.05
4.55,9.95,3.0,0.0,9.05
4.55,9.95,3.0,0.0,9.05
4.55,9.95,3.0,0.0,9.05
5.15,12.15,0.0,0.0,0.05
5.15,12.15,0.0,0.0,0.05
5.15,12.15,0.0,0.0,0.05
5.15,12.15,0.0,0.0,0.05
5.15,12.15,0.0,0.0,0.05
5.3,0.0,0.05,0.0,13.35
5.3,0.0,0.05,0.0,13.35
5.3,0.0,0.05,0.0,13.35
5.3,0.0,0.05,0.0,13.35
5.3,0.0,0.05,0.0,13.35
5.6,0.0,0.0,0.0,0.0
5.6,0.0,0.0,0.0,0.0
5.6,0.0,0.0,0.0,0.0
5.6,0.0,0.0,0.0,0.0
5.6,0.0,0.0,0.0,0.0
6.55,0.0,3.0,6.0,0.0
6.55,0.0,3.0,6.0,0.0
6.55,0.0,3.0,6.0,0.0
6.55,0.0,3.0,6.0,0.0
6.55,0.0,3.0,6.0,0.0
7.05,10.35,0.0,0.0,0.0
7.05,10.35,0.0,0.0,0.0
7.05,10.35,0.0,0.0,0.0
7.05,10.35,0.0,0.0,0.0
7.05,10.35,0.0,0.0,0.0
5.15,5.9,0.0,0.0,0.0
5.15,5.9,0.0,0.0,0.0
5.15,5.9,0.0,0.0,0.0
5.15,5.9,0.0,0.0,0.0
5.15,5.9,0.0,0.0,0.0
5.8,10.35,0.0,6.0,0.0
5.8,10.35,0.0,6.0,0.0
5.8,10.35,0.0,6.0,0.0
5.8,10.35,0.0,6.0,0.0
5.8,10.35,0.0,6.0,0.0
7.95,6.05,0.0,1.5,0.0
7.95,6.05,0.0,1.5,0.0
7.95,6.05,0.0,1.5,0.0
7.95,6.05,0.0,1.5,0.0
7.95,6.05,0.0,1.5,0.0
5.3,10.5,7.5,0.0,0.0
5.3,10.5,7.5,0.0,0.0
5.3,10.5,7.5,0.0,0.0
5.3,10.5,7.5,0.0,0.0
5.3,10.5,7.5,0.0,0.0
4.15,11.6,0.0,4.5,0.0
4.15,11.6,0.0,4.5,0.0
4.15,11.6,0.0,4.5,0.0
4.15,11.6,0.0,4.5,0.0
4.15,11.6,0.0,4.5,0.0
7.05,6.0,4.5,9.0,0.0
7.05,6.0,4.5,9.0,0.0
7.05,6.0,4.5,9.0,0.0
7.05,6.0,4.5,9.0,0.0
7.05,6.0,4.5,9.0,0.0
5.45,7.95,0.0,13.5,9.95
5.45,7.95,0.0,13.5,9.95
5.45,7.95,0.0,13.5,9.95
5.45,7.95,0.0,13.5,9.95
5.45,7.95,0.0,13.5,9.95
6.45,11.25,0.0,0.0,0.0
6.45,11.25,0.0,0.0,0.0
6.45,11.25,0.0,0.0,0.0
6.45,11.25,0.0,0.0,0.0
6.45,11.25,0.0,0.0,0.0
5.7,0.0,0.0,0.0,12.05
5.7,0.0,0.0,0.0,12.05
5.7,0.0,0.0,0.0,12.05
5.7,0.0,0.0,0.0,12.05
5.7,0.0,0.0,0.0,12.05
5.4,5.85,0.0,7.5,3.05
5.4,5.85,0.0,7.5,3.05
5.4,5.85,0.0,7.5,3.05
5.4,5.85,0.0,7.5,3.05
5.4,5.85,0.0,7.5,3.05
7.8,13.4,0.0,6.05,0.0
7.8,13.4,0.0,6.05,0.0
7.8,13.4,0.0,6.05,0.0
7.8,13.4,0.0,6.05,0.0
7.8,13.4,0.0,6.05,0.0
7.3,0.05,7.5,0.0,7.5
7.3,0.05,7.5,0.0,7.5
7.3,0.05,7.5,0.0,7.5
7.3,0.05,7.5,0.0,7.5
7.3,0.05,7.5,0.0,7.5
6.8,0.0,13.4,0.0,0.0
6.8,0.0,13.4,0.0,0.0
6.8,0.0,13.4,0.0,0.0
6.8,0.0,13.4,0.0,0.0
6.8,0.0,13.4,0.0,0.0
7.2,11.55,0.0,13.2,0.0
7.2,11.55,0.0,13.2,0.0
7.2,11.55,0.0,13.2,0.0
7.2,11.55,0.0,13.2,0.0
7.2,11.55,0.0,13.2,0.0
5.3,1.5,4.5,0.0,0.0
5.3,1.5,4.5,0.0,0.0
5.3,1.5,4.5,0.0,0.0
5.3,1.5,4.5,0.0,0.0
5.3,1.5,4.5,0.0,0.0
6.85,10.55,0.0,0.0,12.0
6.85,10.55,0.0,0.0,12.0
6.85,10.55,0.0,0.0,12.0
6.85,10.55,0.0,0.0,12.0
6.85,10.55,0.0,0.0,12.0
6.3,0.0,0.0,0.0,0.0
6.3,0.0,0.0,0.0,0.0
6.3,0.0,0.0,0.0,0.0
6.3,0.0,0.0,0.0,0.0
6.3,0.0,0.0,0.0,0.0
7.7,13.55,9.0,0.0,0.0
7.7,13.55,9.0,0.0,0.0
7.7,13.55,9.0,0.0,0.0
7.7,13.55,9.0,0.0,0.0
7.7,13.55,9.0,0.0,0.0
9.2,1.5,0.0,0.0,7.55
9.2,1.5,0.0,0.0,7.55
9.2,1.5,0.0,0.0,7.55
9.2,1.5,0.0,0.0,7.55
9.2,1.5,0.0,0.0,7.55
8.0,8.45,7.55,0.0,0.0
8.0,8.45,7.55,0.0,0.0
8.0,8.45,7.55,0.0,0.0
8.0,8.45,7.55,0.0,0.0
8.0,8.45,7.55,0.0,0.0
6.45,5.85,0.0,0.0,0.0
6.45,5.85,0.0,0.0,0.0
6.45,5.85,0.0,0.0,0.0
6.45,5.85,0.0,0.0,0.0
6.45,5.85,0.0,0.0,0.0
7.8,12.35,0.0,13.35,0.0
7.8,12.35,0.0,13.35,0.0
7.8,12.35,0.0,13.35,0.0
7.8,12.35,0.0,13.35,0.0
7.8,12.35,0.0,13.35,0.0
7.4,7.75,4.5,9.0,0.0
7.4,7.75,4.5,9.0,0.0
7.4,7.75,4.5,9.0,0.0
7.4,7.75,4.5,9.0,0.0
7.4,7.75,4.5,9.0,0.0
8.8,7.55,0.0,10.4,0.0
8.8,7.55,0.0,10.4,0.0
8.8,7.55,0.0,10.4,0.0
8.8,7.55,0.0,10.4,0.0
8.8,7.55,0.0,10.4,0.0
6.4,4.5,11.9,13.55,0.0
6.4,4.5,11.9,13.55,0.0
6.4,4.5,11.9,13.55,0.0
6.4,4.5,11.9,13.55,0.0
6.4,4.5,11.9,13.55,0.0
9.95,11.9,0.0,4.5,0.0
9.95,11.9,0.0,4.5,0.0
9.95,11.9,0.0,4.5,0.0
9.95,11.9,0.0,4.5,0.0
9.95,11.9,0.0,4.5,0.0
8.35,13.35,0.0,0.0,0.0
8.35,13.35,0.0,0.0,0.0
8.35,13.35,0.0,0.0,0.0
8.35,13.35,0.0,0.0,0.0
8.35,13.35,0.0,0.0,0.0
7.15,10.5,0.0,0.0,0.0
7.15,10.5,0.0,0.0,0.0
7.15,10.5,0.0,0.0,0.0
7.15,10.5,0.0,0.0,0.0
7.15,10.5,0.0,0.0,0.0
8.4,13.35,9.0,0.0,0.0
8.4,13.35,9.0,0.0,0.0
8.4,13.35,9.0,0.0,0.0
8.4,13.35,9.0,0.0,0.0
8.4,13.35,9.0,0.0,0.0
8.85,0.0,0.0,1.55,0.0
8.85,0.0,0.0,1.55,0.0
8.85,0.0,0.0,1.55,0.0
8.85,0.0,0.0,1.55,0.0
8.85,0.0,0.0,1.55,0.0
8.9,11.7,13.5,6.0,0.0
8.9,11.7,13.5,6.0,0.0
8.9,11.7,13.5,6.0,0.0
8.9,11.7,13.5,6.0,0.0
8.9,11.7,13.5,6.0,0.0
7.2,7.55,4.55,0.0,0.0
7.2,7.55,4.55,0.0,0.0
7.2,7.55,4.55,0.0,0.0
7.2,7.55,4.55,0.0,0.0
7.2,7.55,4.55,0.0,0.0
6.0,0.0,13.4,0.0,0.0
6.0,0.0,13.4,0.0,0.0
6.0,0.0,13.4,0.0,0.0
6.0,0.0,13.4,0.0,0.0
6.0,0.0,13.4,0.0,0.0
6.75,2.85,0.0,0.0,0.0
6.75,2.85,0.0,0.0,0.0
6.75,2.85,0.0,0.0,0.0
6.75,2.85,0.0,0.0,0.0
6.75,2.85,0.0,0.0,0.0
6.75,6.05,8.9,0.0,0.0
6.75,6.05,8.9,0.0,0.0
6.75,6.05,8.9,0.0,0.0
6.75,6.05,8.9,0.0,0.0
6.75,6.05,8.9,0.0,0.0
6.65,9.1,3.0,0.0,7.4
6.65,9.1,3.0,0.0,7.4
6.65,9.1,3.0,0.0,7.4
6.65,9.1,3.0,0.0,7.4
6.65,9.1,3.0,0.0,7.4
6.8,13.35,0.0,0.0,13.5
6.8,13.35,0.0,0.0,13.5
6.8,13.35,0.0,0.0,13.5
6.8,13.35,0.0,0.0,13.5
6.8,13.35,0.0,0.0,13.5
7.75,11.6,0.0,0.0,0.0
7.75,11.6,0.0,0.0,0.0
7.75,11.6,0.0,0.0,0.0
7.75,11.6,0.0,0.0,0.0
7.75,11.6,0.0,0.0,0.0
9.05,11.85,0.0,0.0,0.0
9.05,11.85,0.0,0.0,0.0
9.05,11.85,0.0,0.0,0.0
9.05,11.85,0.0,0.0,0.0
9.05,11.85,0.0,0.0,0.0
8.5,0.0,0.0,0.0,0.0
8.5,0.0,0.0,0.0,0.0
8.5,0.0,0.0,0.0,0.0
8.5,0.0,0.0,0.0,0.0
8.5,0.0,0.0,0.0,0.0
9.55,6.0,10.35,0.0,0.0
9.55,6.0,10.35,0.0,0.0
9.55,6.0,10.35,0.0,0.0
9.55,6.0,10.35,0.0,0.0
9.55,6.0,10.35,0.0,0.0
9.25,0.0,0.0,12.0,0.0
9.25,0.0,0.0,12.0,0.0
9.25,0.0,0.0,12.0,0.0
9.25,0.0,0.0,12.0,0.0
9.25,0.0,0.0,12.0,0.0
7.15,13.2,1.55,12.05,0.0
7.15,13.2,1.55,12.05,0.0
7.15,13.2,1.55,12.05,0.0
7.15,13.2,1.55,12.05,0.0
7.15,13.2,1.55,12.05,0.0
8.45,12.8,0.0,4.35,0.0
8.45,12.8,0.0,4.35,0.0
8.45,12.8,0.0,4.35,0.0
8.45,12.8,0.0,4.35,0.0
8.45,12.8,0.0,4.35,0.0
6.0,3.0,0.0,0.0,0.0
6.0,3.0,0.0,0.0,0.0
6.0,3.0,0.0,0.0,0.0
6.0,3.0,0.0,0.0,0.0
6.0,3.0,0.0,0.0,0.0
7.45,6.0,9.0,9.05,0.0
7.45,6.0,9.0,9.05,0.0
7.45,6.0,9.0,9.05,0.0
7.45,6.0,9.0,9.05,0.0
7.45,6.0,9.0,9.05,0.0
8.85,0.0,0.0,0.0,13.35
8.85,0.0,0.0,0.0,13.35
8.85,0.0,0.0,0.0,13.35
8.85,0.0,0.0,0.0,13.35
8.85,0.0,0.0,0.0,13.35
8.45,10.5,0.0,1.5,0.0
8.45,10.5,0.0,1.5,0.0
8.45,10.5,0.0,1.5,0.0
8.45,10.5,0.0,1.5,0.0
8.45,10.5,0.0,1.5,0.0
6.55,12.0,0.0,0.0,0.0
6.55,12.0,0.0,0.0,0.0
6.55,12.0,0.0,0.0,0.0
6.55,12.0,0.0,0.0,0.0
6.55,12.0,0.0,0.0,0.0
8.95,12.05,4.5,0.0,11.95
8.95,12.05,4.5,0.0,11.95
8.95,12.05,4.5,0.0,11.95
8.95,12.05,4.5,0.0,11.95
8.95,12.05,4.5,0.0,11.95
10.2,0.0,0.0,0.0,7.4
10.2,0.0,0.0,0.0,7.4
10.2,0.0,0.0,0.0,7.4
10.2,0.0,0.0,0.0,7.4
10.2,0.0,0.0,0.0,7.4
8.3,0.0,0.0,1.5,0.0
8.3,0.0,0.0,1.5,0.0
8.3,0.0,0.0,1.5,0.0
8.3,0.0,0.0,1.5,0.0
8.3,0.0,0.0,1.5,0.0
10.8,9.0,7.5,0.0,0.0
10.8,9.0,7.5,0.0,0.0
10.8,9.0,7.5,0.0,0.0
10.8,9.0,7.5,0.0,0.0
10.8,9.0,7.5,0.0,0.0
8.15,0.0,9.0,10.35,1.55
8.15,0.0,9.0,10.35,1.55
8.15,0.0,9.0,10.35,1.55
8.15,0.0,9.0,10.35,1.55
8.15,0.0,9.0,10.35,1.55
10.3,12.75,0.0,10.35,0.0
10.3,12.75,0.0,10.35,0.0
10.3,12.75,0.0,10.35,0.0
10.3,12.75,0.0,10.35,0.0
10.3,12.75,0.0,10.35,0.0
10.1,12.1,0.0,0.0,4.5
10.1,12.1,0.0,0.0,4.5
10.1,12.1,0.0,0.0,4.5
10.1,12.1,0.0,0.0,4.5
10.1,12.1,0.0,0.0,4.5
10.0,0.0,13.55,0.0,6.0
10.0,0.0,13.55,0.0,6.0
10.0,0.0,13.55,0.0,6.0
10.0,0.0,13.55,0.0,6.0
10.0,0.0,13.55,0.0,6.0
9.65,13.4,0.0,0.0,0.0
9.65,13.4,0.0,0.0,0.0
9.65,13.4,0.0,0.0,0.0
9.65,13.4,0.0,0.0,0.0
9.65,13.4,0.0,0.0,0.0
8.65,0.0,8.9,7.35,13.5
8.65,0.0,8.9,7.35,13.5
8.65,0.0,8.9,7.35,13.5
8.65,0.0,8.9,7.35,13.5
8.65,0.0,8.9,7.35,13.5
7.2,12.8,0.0,0.0,0.0
7.2,12.8,0.0,0.0,0.0
7.2,12.8,0.0,0.0,0.0
7.2,12.8,0.0,0.0,0.0
7.2,12.8,0.0,0.0,0.0
7.4,0.0,3.0,0.0,0.05
7.4,0.0,3.0,0.0,0.05
7.4,0.0,3.0,0.0,0.05
7.4,0.0,3.0,0.0,0.05
7.4,0.0,3.0,0.0,0.05
10.55,3.0,11.4,0.0,0.0
10.55,3.0,11.4,0.0,0.0
10.55,3.0,11.4,0.0,0.0
10.55,3.0,11.4,0.0,0.0
10.55,3.0,11.4,0.0,0.0
7.8,6.0,0.05,0.05,0.0
7.8,6.0,0.05,0.05,0.0
7.8,6.0,0.05,0.05,0.0
7.8,6.0,0.05,0.05,0.0
7.8,6.0,0.05,0.05,0.0
9.0,0.0,0.0,0.0,0.0
9.0,0.0,0.0,0.0,0.0
9.0,0.0,0.0,0.0,0.0
9.0,0.0,0.0,0.0,0.0
9.0,0.0,0.0,0.0,0.0
8.9,11.7,0.0,0.0,0.0
8.9,11.7,0.0,0.0,0.0
8.9,11.7,0.0,0.0,0.0
8.9,11.7,0.0,0.0,0.0
8.9,11.7,0.0,0.0,0.0
8.9,13.55,0.0,0.0,0.0
8.9,13.55,0.0,0.0,0.0
8.9,13.55,0.0,0.0,0.0
8.9,13.55,0.0,0.0,0.0
8.9,13.55,0.0,0.0,0.0
10.0,8.7,9.0,0.0,10.5
10.0,8.7,9.0,0.0,10.5
10.0,8.7,9.0,0.0,10.5
10.0,8.7,9.0,0.0,10.5
10.0,8.7,9.0,0.0,10.5
8.55,0.0,0.0,11.4,0.0
8.55,0.0,0.0,11.4,0.0
8.55,0.0,0.0,11.4,0.0
8.55,0.0,0.0,11.4,0.0
8.55,0.0,0.0,11.4,0.0
8.5,0.05,0.0,0.0,13.5
8.5,0.05,0.0,0.0,13.5
8.5,0.05,0.0,0.0,13.5
8.5,0.05,0.0,0.0,13.5
8.5,0.05,0.0,0.0,13.5
9.75,0.05,0.0,0.0,4.5
9.75,0.05,0.0,0.0,4.5
9.75,0.05,0.0,0.0,4.5
9.75,0.05,0.0,0.0,4.5
9.75,0.05,0.0,0.0,4.5
10.35,10.55,0.0,0.0,0.0
10.35,10.55,0.0,0.0,0.0
10.35,10.55,0.0,0.0,0.0
10.35,10.55,0.0,0.0,0.0
10.35,10.55,0.0,0.0,0.0
9.65,5.95,0.0,0.0,9.0
9.65,5.95,0.0,0.0,9.0
9.65,5.95,0.0,0.0,9.0
9.65,5.95,0.0,0.0,9.0
9.65,5.95,0.0,0.0,9.0
9.4,13.4,0.0,0.0,0.0
9.4,13.4,0.0,0.0,0.0
9.4,13.4,0.0,0.0,0.0
9.4,13.4,0.0,0.0,0.0
9.4,13.4,0.0,0.0,0.0
8.75,11.95,0.0,10.5,0.0
8.75,11.95,0.0,10.5,0.0
8.75,11.95,0.0,10.5,0.0
8.75,11.95,0.0,10.5,0.0
8.75,11.95,0.0,10.5,0.0
10.65,5.85,0.0,7.5,0.0
10.65,5.85,0.0,7.5,0.0
10.65,5.85,0.0,7.5,0.0
10.65,5.85,0.0,7.5,0.0
10.65,5.85,0.0,7.5,0.0
8.6,6.0,0.0,9.0,0.0
8.6,6.0,0.0,9.0,0.0
8.6,6.0,0.0,9.0,0.0
8.6,6.0,0.0,9.0,0.0
8.6,6.0,0.0,9.0,0.0
11.4,3.9,7.2,0.0,0.0
11.4,3.9,7.2,0.0,0.0
11.4,3.9,7.2,0.0,0.0
11.4,3.9,7.2,0.0,0.0
11.4,3.9,7.2,0.0,0.0
10.75,0.0,0.0,0.0,3.05
10.75,0.0,0.0,0.0,3.05
10.75,0.0,0.0,0.0,3.05
10.75,0.0,0.0,0.0,3.05
10.75,0.0,0.0,0.0,3.05
4.2,7.5,0.0,0.0,0.0
4.2,7.5,0.0,0.0,0.0
4.2,7.5,0.0,0.0,0.0
4.2,7.5,0.0,0.0,0.0
4.2,7.5,0.0,0.0,0.0
8.95,9.9,0.0,0.0,0.0
8.95,9.9,0.0,0.0,0.0
8.95,9.9,0.0,0.0,0.0
8.95,9.9,0.0,0.0,0.0
8.95,9.9,0.0,0.0,0.0
7.85,13.55,11.9,13.55,0.0
7.85,13.55,11.9,13.55,0.0
7.85,13.55,11.9,13.55,0.0
7.85,13.55,11.9,13.55,0.0
7.85,13.55,11.9,13.55,0.0
10.95,10.5,0.0,13.35,0.0
10.95,10.5,0.0,13.35,0.0
10.95,10.5,0.0,13.35,0.0
10.95,10.5,0.0,13.35,0.0
10.95,10.5,0.0,13.35,0.0
9.05,0.0,0.0,0.0,0.0
9.05,0.0,0.0,0.0,0.0
9.05,0.0,0.0,0.0,0.0
9.05,0.0,0.0,0.0,0.0
9.05,0.0,0.0,0.0,0.0
9.65,10.05,0.0,4.5,0.0
9.65,10.05,0.0,4.5,0.0
9.65,10.05,0.0,4.5,0.0
9.65,10.05,0.0,4.5,0.0
9.65,10.05,0.0,4.5,0.0
9.5,0.0,0.0,3.0,12.9
9.5,0.0,0.0,3.0,12.9
9.5,0.0,0.0,3.0,12.9
9.5,0.0,0.0,3.0,12.9
9.5,0.0,0.0,3.0,12.9
8.85,8.9,0.0,0.0,0.0
8.85,8.9,0.0,0.0,0.0
8.85,8.9,0.0,0.0,0.0
8.85,8.9,0.0,0.0,0.0
8.85,8.9,0.0,0.0,0.0
9.2,11.4,7.4,13.5,0.0
9.2,11.4,7.4,13.5,0.0
9.2,11.4,7.4,13.5,0.0
9.2,11.4,7.4,13.5,0.0
9.2,11.4,7.4,13.5,0.0
9.8,1.5,1.5,0.0,0.0
9.8,1.5,1.5,0.0,0.0
9.8,1.5,1.5,0.0,0.0
9.8,1.5,1.5,0.0,0.0
9.8,1.5,1.5,0.0,0.0
10.75,0.0,13.5,9.05,11.25
10.75,0.0,13.5,9.05,11.25
10.75,0.0,13.5,9.05,11.25
10.75,0.0,13.5,9.05,11.25
10.75,0.0,13.5,9.05,11.25
8.75,8.75,0.0,7.55,11.9
8.75,8.75,0.0,7.55,11.9
8.75,8.75,0.0,7.55,11.9
8.75,8.75,0.0,7.55,11.9
8.75,8.75,0.0,7.55,11.9
8.0,4.7,6.0,0.0,0.0
8.0,4.7,6.0,0.0,0.0
8.0,4.7,6.0,0.0,0.0
8.0,4.7,6.0,0.0,0.0
8.0,4.7,6.0,0.0,0.0
10.2,11.9,1.55,0.0,0.0
10.2,11.9,1.55,0.0,0.0
10.2,11.9,1.55,0.0,0.0
10.2,11.9,1.55,0.0,0.0
10.2,11.9,1.55,0.0,0.0
6.9,0.0,0.0,0.0,10.85
6.9,0.0,0.0,0.0,10.85
6.9,0.0,0.0,0.0,10.85
6.9,0.0,0.0,0.0,10.85
6.9,0.0,0.0,0.0,10.85
10.2,0.0,0.0,0.0,0.0
10.2,0.0,0.0,0.0,0.0
10.2,0.0,0.0,0.0,0.0
10.2,0.0,0.0,0.0,0.0
10.2,0.0,0.0,0.0,0.0
9.1,0.0,0.05,0.0,0.0
9.1,0.0,0.05,0.0,0.0
9.1,0.0,0.05,0.0,0.0
9.1,0.0,0.05,0.0,0.0
9.1,0.0,0.05,0.0,0.0
8.05,4.3,1.5,6.0,0.0
8.05,4.3,1.5,6.0,0.0
8.05,4.3,1.5,6.0,0.0
8.05,4.3,1.5,6.0,0.0
8.05,4.3,1.5,6.0,0.0
10.45,11.9,0.0,0.0,10.5
10.45,11.9,0.0,0.0,10.5
10.45,11.9,0.0,0.0,10.5
10.45,11.9,0.0,0.0,10.5
10.45,11.9,0.0,0.0,10.5
10.9,9.05,0.0,0.0,6.9
10.9,9.05,0.0,0.0,6.9
10.9,9.05,0.0,0.0,6.9
10.9,9.05,0.0,0.0,6.9
10.9,9.05,0.0,0.0,6.9
8.6,4.5,0.0,0.0,10.55
8.6,4.5,0.0,0.0,10.55
8.6,4.5,0.0,0.0,10.55
8.6,4.5,0.0,0.0,10.55
8.6,4.5,0.0,0.0,10.55
8.7,0.0,0.0,0.0,6.0
8.7,0.0,0.0,0.0,6.0
8.7,0.0,0.0,0.0,6.0
8.7,0.0,0.0,0.0,6.0
8.7,0.0,0.0,0.0,6.0
9.45,0.0,0.0,10.35,0.0
9.45,0.0,0.0,10.35,0.0
9.45,0.0,0.0,10.35,0.0
9.45,0.0,0.0,10.35,0.0
9.45,0.0,0.0,10.35,0.0
11.4,12.0,0.0,0.0,6.0
11.4,12.0,0.0,0.0,6.0
11.4,12.0,0.0,0.0,6.0
11.4,12.0,0.0,0.0,6.0
11.4,12.0,0.0,0.0,6.0
11.1,11.7,6.0,0.0,10.35
11.1,11.7,6.0,0.0,10.35
11.1,11.7,6.0,0.0,10.35
11.1,11.7,6.0,0.0,10.35
11.1,11.7,6.0,0.0,10.35
10.65,13.55,0.0,7.5,10.35
10.65,13.55,0.0,7.5,10.35
10.65,13.55,0.0,7.5,10.35
10.65,13.55,0.0,7.5,10.35
10.65,13.55,0.0,7.5,10.35
9.9,0.0,0.0,0.0,0.0
9.9,0.0,0.0,0.0,0.0
9.9,0.0,0.0,0.0,0.0
9.9,0.0,0.0,0.0,0.0
9.9,0.0,0.0,0.0,0.0
11.6,11.25,6.05,0.0,7.55
11.6,11.25,6.05,0.0,7.55
11.6,11.25,6.05,0.0,7.55
11.6,11.25,6.05,0.0,7.55
11.6,11.25,6.05,0.0,7.55
10.05,10.4,12.05,7.55,1.5
10.05,10.4,12.05,7.55,1.5
10.05,10.4,12.05,7.55,1.5
10.05,10.4,12.05,7.55,1.5
10.05,10.4,12.05,7.55,1.5
8.15,0.0,0.0,0.0,0.0
8.15,0.0,0.0,0.0,0.0
8.15,0.0,0.0,0.0,0.0
8.15,0.0,0.0,0.0,0.0
8.15,0.0,0.0,0.0,0.0
9.5,0.0,0.0,0.0,11.85
9.5,0.0,0.0,0.0,11.85
9.5,0.0,0.0,0.0,11.85
9.5,0.0,0.0,0.0,11.85
9.5,0.0,0.0,0.0,11.85
11.2,3.0,3.0,12.95,13.4
11.2,3.0,3.0,12.95,13.4
11.2,3.0,3.0,12.95,13.4
11.2,3.0,3.0,12.95,13.4
11.2,3.0,3.0,12.95,13.4
8.5,7.5,4.5,0.0,0.0
8.5,7.5,4.5,0.0,0.0
8.5,7.5,4.5,0.0,0.0
8.5,7.5,4.5,0.0,0.0
8.5,7.5,4.5,0.0,0.0
11.05,1.35,1.55,0.0,9.75
11.05,1.35,1.55,0.0,9.75
11.05,1.35,1.55,0.0,9.75
11.05,1.35,1.55,0.0,9.75
11.05,1.35,1.55,0.0,9.75
8.8,4.5,0.0,4.55,9.0
8.8,4.5,0.0,4.55,9.0
8.8,4.5,0.0,4.55,9.0
8.8,4.5,0.0,4.55,9.0
8.8,4.5,0.0,4.55,9.0
8.2,0.0,0.0,0.0,0.0
8.2,0.0,0.0,0.0,0.0
8.2,0.0,0.0,0.0,0.0
8.2,0.0,0.0,0.0,0.0
8.2,0.0,0.0,0.0,0.0
10.6,10.5,0.0,0.0,0.0
10.6,10.5,0.0,0.0,0.0
10.6,10.5,0.0,0.0,0.0
10.6,10.5,0.0,0.0,0.0
10.6,10.5,0.0,0.0,0.0
7.65,0.0,4.5,11.85,0.1
7.65,0.0,4.5,11.85,0.1
7.65,0.0,4.5,11.85,0.1
7.65,0.0,4.5,11.85,0.1
7.65,0.0,4.5,11.85,0.1
11.95,0.0,0.0,6.0,0.0
11.95,0.0,0.0,6.0,0.0
11.95,0.0,0.0,6.0,0.0
11.95,0.0,0.0,6.0,0.0
11.95,0.0,0.0,6.0,0.0
11.05,3.9,0.0,0.0,0.0
11.05,3.9,0.0,0.0,0.0
11.05,3.9,0.0,0.0,0.0
11.05,3.9,0.0,0.0,0.0
11.05,3.9,0.0,0.0,0.0
11.9,11.45,0.0,0.0,0.0
11.9,11.45,0.0,0.0,0.0
11.9,11.45,0.0,0.0,0.0
11.9,11.45,0.0,0.0,0.0
11.9,11.45,0.0,0.0,0.0
8.95,0.0,9.0,0.0,0.0
8.95,0.0,9.0,0.0,0.0
8.95,0.0,9.0,0.0,0.0
8.95,0.0,9.0,0.0,0.0
8.95,0.0,9.0,0.0,0.0
10.4,9.0,0.0,0.0,3.0
10.4,9.0,0.0,0.0,3.0
10.4,9.0,0.0,0.0,3.0
10.4,9.0,0.0,0.0,3.0
10.4,9.0,0.0,0.0,3.0
8.15,4.6,7.5,7.5,7.55
8.15,4.6,7.5,7.5,7.55
8.15,4.6,7.5,7.5,7.55
8.15,4.6,7.5,7.5,7.55
8.15,4.6,7.5,7.5,7.55
10.2,3.0,0.0,0.0,3.0
10.2,3.0,0.0,0.0,3.0
10.2,3.0,0.0,0.0,3.0
10.2,3.0,0.0,0.0,3.0
10.2,3.0,0.0,0.0,3.0
11.45,8.85,0.0,0.0,0.0
11.45,8.85,0.0,0.0,0.0
11.45,8.85,0.0,0.0,0.0
11.45,8.85,0.0,0.0,0.0
11.45,8.85,0.0,0.0,0.0
8.8,0.0,7.5,0.0,0.0
8.8,0.0,7.5,0.0,0.0
8.8,0.0,7.5,0.0,0.0
8.8,0.0,7.5,0.0,0.0
8.8,0.0,7.5,0.0,0.0
10.3,1.55,12.0,0.0,0.0
10.3,1.55,12.0,0.0,0.0
10.3,1.55,12.0,0.0,0.0
10.3,1.55,12.0,0.0,0.0
10.3,1.55,12.0,0.0,0.0
10.1,12.75,0.0,0.0,10.55
10.1,12.75,0.0,0.0,10.55
10.1,12.75,0.0,0.0,10.55
10.1,12.75,0.0,0.0,10.55
10.1,12.75,0.0,0.0,10.55
10.05,0.05,0.0,0.0,7.5
10.05,0.05,0.0,0.0,7.5
10.05,0.05,0.0,0.0,7.5
10.05,0.05,0.0,0.0,7.5
10.05,0.05,0.0,0.0,7.5
10.5,0.0,9.05,12.05,0.0
10.5,0.0,9.05,12.05,0.0
10.5,0.0,9.05,12.05,0.0
10.5,0.0,9.05,12.05,0.0
10.5,0.0,9.05,12.05,0.0
11.5,9.9,0.0,13.35,0.0
11.5,9.9,0.0,13.35,0.0
11.5,9.9,0.0,13.35,0.0
11.5,9.9,0.0,13.35,0.0
11.5,9.9,0.0,13.35,0.0
10.6,9.0,0.0,0.0,0.0
10.6,9.0,0.0,0.0,0.0
10.6,9.0,0.0,0.0,0.0
10.6,9.0,0.0,0.0,0.0
10.6,9.0,0.0,0.0,0.0
10.45,8.9,13.5,0.0,0.0
10.45,8.9,13.5,0.0,0.0
10.45,8.9,13.5,0.0,0.0
10.45,8.9,13.5,0.0,0.0
10.45,8.9,13.5,0.0,0.0
10.7,12.0,0.0,10.5,5.85
10.7,12.0,0.0,10.5,5.85
10.7,12.0,0.0,10.5,5.85
10.7,12.0,0.0,10.5,5.85
10.7,12.0,0.0,10.5,5.85
11.55,6.0,0.0,5.4,0.0
11.55,6.0,0.0,5.4,0.0
11.55,6.0,0.0,5.4,0.0
11.55,6.0,0.0,5.4,0.0
11.55,6.0,0.0,5.4,0.0
9.65,0.0,7.4,6.05,0.0
9.65,0.0,7.4,6.05,0.0
9.65,0.0,7.4,6.05,0.0
9.65,0.0,7.4,6.05,0.0
9.65,0.0,7.4,6.05,0.0
10.2,1.5,0.0,8.4,3.0
10.2,1.5,0.0,8.4,3.0
10.2,1.5,0.0,8.4,3.0
10.2,1.5,0.0,8.4,3.0
10.2,1.5,0.0,8.4,3.0
9.95,0.0,0.0,13.5,0.0
9.95,0.0,0.0,13.5,0.0
9.95,0.0,0.0,13.5,0.0
9.95,0.0,0.0,13.5,0.0
9.95,0.0,0.0,13.5,0.0
10.3,12.6,0.0,3.0,0.0
10.3,12.6,0.0,3.0,0.0
10.3,12.6,0.0,3.0,0.0
10.3,12.6,0.0,3.0,0.0
10.3,12.6,0.0,3.0,0.0
11.95,0.0,9.0,6.1,0.0
11.95,0.0,9.0,6.1,0.0
11.95,0.0,9.0,6.1,0.0
11.95,0.0,9.0,6.1,0.0
11.95,0.0,9.0,6.1,0.0
11.6,0.0,7.5,0.0,0.0
11.6,0.0,7.5,0.0,0.0
11.6,0.0,7.5,0.0,0.0
11.6,0.0,7.5,0.0,0.0
11.6,0.0,7.5,0.0,0.0
11.05,6.0,0.0,6.0,0.0
11.05,6.0,0.0,6.0,0.0
11.05,6.0,0.0,6.0,0.0
11.05,6.0,0.0,6.0,0.0
11.05,6.0,0.0,6.0,0.0
10.95,0.0,10.5,0.0,0.0
10.95,0.0,10.5,0.0,0.0
10.95,0.0,10.5,0.0,0.0
10.95,0.0,10.5,0.0,0.0
10.95,0.0,10.5,0.0,0.0
13.25,3.0,9.0,0.0,11.7
13.25,3.0,9.0,0.0,11.7
13.25,3.0,9.0,0.0,11.7
13.25,3.0,9.0,0.0,11.7
13.25,3.0,9.0,0.0,11.7
10.9,0.0,0.0,0.0,0.0
10.9,0.0,0.0,0.0,0.0
10.9,0.0,0.0,0.0,0.0
10.9,0.0,0.0,0.0,0.0
10.9,0.0,0.0,0.0,0.0
11.45,4.35,0.0,0.0,0.0
11.45,4.35,0.0,0.0,0.0
11.45,4.35,0.0,0.0,0.0
11.45,4.35,0.0,0.0,0.0
11.45,4.35,0.0,0.0,0.0
8.2,0.0,9.0,0.0,2.9
8.2,0.0,9.0,0.0,2.9
8.2,0.0,9.0,0.0,2.9
8.2,0.0,9.0,0.0,2.9
8.2,0.0,9.0,0.0,2.9
12.7,12.0,4.5,0.0,0.0
12.7,12.0,4.5,0.0,0.0
12.7,12.0,4.5,0.0,0.0
12.7,12.0,4.5,0.0,0.0
12.7,12.0,4.5,0.0,0.0
6.4,0.0,6.0,9.0,0.0
6.4,0.0,6.0,9.0,0.0
6.4,0.0,6.0,9.0,0.0
6.4,0.0,6.0,9.0,0.0
6.4,0.0,6.0,9.0,0.0
9.9,0.0,0.0,6.0,7.5
9.9,0.0,0.0,6.0,7.5
9.9,0.0,0.0,6.0,7.5
9.9,0.0,0.0,6.0,7.5
9.9,0.0,0.0,6.0,7.5
10.35,0.0,0.0,0.0,0.0
10.35,0.0,0.0,0.0,0.0
10.35,0.0,0.0,0.0,0.0
10.35,0.0,0.0,0.0,0.0
10.35,0.0,0.0,0.0,0.0
10.15,9.05,0.0,9.0,11.7
10.15,9.05,0.0,9.0,11.7
10.15,9.05,0.0,9.0,11.7
10.15,9.05,0.0,9.0,11.7
10.15,9.05,0.0,9.0,11.7
11.35,13.35,0.0,0.0,0.05
11.35,13.35,0.0,0.0,0.05
11.35,13.35,0.0,0.0,0.05
11.35,13.35,0.0,0.0,0.05
11.35,13.35,0.0,0.0,0.05
10.95,1.55,3.95,0.0,0.0
10.95,1.55,3.95,0.0,0.0
10.95,1.55,3.95,0.0,0.0
10.95,1.55,3.95,0.0,0.0
10.95,1.55,3.95,0.0,0.0
12.65,0.0,7.25,0.0,0.0
12.65,0.0,7.25,0.0,0.0
12.65,0.0,7.25,0.0,0.0
12.65,0.0,7.25,0.0,0.0
12.65,0.0,7.25,0.0,0.0
10.4,13.55,8.4,10.5,0.0
10.4,13.55,8.4,10.5,0.0
10.4,13.55,8.4,10.5,0.0
10.4,13.55,8.4,10.5,0.0
10.4,13.55,8.4,10.5,0.0
11.85,6.0,0.0,9.05,0.0
11.85,6.0,0.0,9.05,0.0
11.85,6.0,0.0,9.05,0.0
11.85,6.0,0.0,9.05,0.0
11.85,6.0,0.0,9.05,0.0
13.05,3.3,0.0,6.0,0.0
13.05,3.3,0.0,6.0,0.0
13.05,3.3,0.0,6.0,0.0
13.05,3.3,0.0,6.0,0.0
13.05,3.3,0.0,6.0,0.0
11.8,13.5,6.0,0.0,0.0
11.8,13.5,6.0,0.0,0.0
11.8,13.5,6.0,0.0,0.0
11.8,13.5,6.0,0.0,0.0
11.8,13.5,6.0,0.0,0.0
7.45,8.7,3.0,9.0,0.0
7.45,8.7,3.0,9.0,0.0
7.45,8.7,3.0,9.0,0.0
7.45,8.7,3.0,9.0,0.0
7.45,8.7,3.0,9.0,0.0
11.0,12.0,0.0,0.0,0.0
11.0,12.0,0.0,0.0,0.0
11.0,12.0,0.0,0.0,0.0
11.0,12.0,0.0,0.0,0.0
11.0,12.0,0.0,0.0,0.0
10.6,7.5,0.0,0.0,7.5
10.6,7.5,0.0,0.0,7.5
10.6,7.5,0.0,0.0,7.5
10.6,7.5,0.0,0.0,7.5
10.6,7.5,0.0,0.0,7.5
7.4,4.5,0.0,0.0,0.0
7.4,4.5,0.0,0.0,0.0
7.4,4.5,0.0,0.0,0.0
7.4,4.5,0.0,0.0,0.0
7.4,4.5,0.0,0.0,0.0
6.45,5.9,0.0,0.0,12.0
6.45,5.9,0.0,0.0,12.0
6.45,5.9,0.0,0.0,12.0
6.45,5.9,0.0,0.0,12.0
6.45,5.9,0.0,0.0,12.0
7.65,0.0,0.0,0.0,3.0
7.65,0.0,0.0,0.0,3.0
7.65,0.0,0.0,0.0,3.0
7.65,0.0,0.0,0.0,3.0
7.65,0.0,0.0,0.0,3.0
11.0,0.0,6.0,0.0,0.0
11.0,0.0,6.0,0.0,0.0
11.0,0.0,6.0,0.0,0.0
11.0,0.0,6.0,0.0,0.0
11.0,0.0,6.0,0.0,0.0
9.7,10.5,7.5,7.5,10.05
9.7,10.5,7.5,7.5,10.05
9.7,10.5,7.5,7.5,10.05
9.7,10.5,7.5,7.5,10.05
9.7,10.5,7.5,7.5,10.05
11.95,3.9,0.0,0.0,4.55
11.95,3.9,0.0,0.0,4.55
11.95,3.9,0.0,0.0,4.55
11.95,3.9,0.0,0.0,4.55
11.95,3.9,0.0,0.0,4.55
12.85,9.0,0.0,0.0,0.0
12.85,9.0,0.0,0.0,0.0
12.85,9.0,0.0,0.0,0.0
12.85,9.0,0.0,0.0,0.0
12.85,9.0,0.0,0.0,0.0
11.5,4.5,0.0,11.85,0.0
11.5,4.5,0.0,11.85,0.0
11.5,4.5,0.0,11.85,0.0
11.5,4.5,0.0,11.85,0.0
11.5,4.5,0.0,11.85,0.0
12.5,0.0,0.0,0.0,8.45
12.5,0.0,0.0,0.0,8.45
12.5,0.0,0.0,0.0,8.45
12.5,0.0,0.0,0.0,8.45
12.5,0.0,0.0,0.0,8.45
11.25,9.0,6.0,0.0,10.4
11.25,9.0,6.0,0.0,10.4
11.25,9.0,6.0,0.0,10.4
11.25,9.0,6.0,0.0,10.4
11.25,9.0,6.0,0.0,10.4
9.5,5.4,0.0,0.0,1.55
9.5,5.4,0.0,0.0,1.55
9.5,5.4,0.0,0.0,1.55
9.5,5.4,0.0,0.0,1.55
9.5,5.4,0.0,0.0,1.55
11.65,9.0,0.0,6.0,13.35
11.65,9.0,0.0,6.0,13.35
11.65,9.0,0.0,6.0,13.35
11.65,9.0,0.0,6.0,13.35
11.65,9.0,0.0,6.0,13.35
7.65,12.0,0.0,10.5,9.0
7.65,12.0,0.0,10.5,9.0
7.65,12.0,0.0,10.5,9.0
7.65,12.0,0.0,10.5,9.0
7.65,12.0,0.0,10.5,9.0
12.05,0.0,6.0,0.0,0.0
12.05,0.0,6.0,0.0,0.0
12.05,0.0,6.0,0.0,0.0
12.05,0.0,6.0,0.0,0.0
12.05,0.0,6.0,0.0,0.0
6.45,0.0,4.5,13.55,10.55
6.45,0.0,4.5,13.55,10.55
6.45,0.0,4.5,13.55,10.55
6.45,0.0,4.5,13.55,10.55
6.45,0.0,4.5,13.55,10.55
12.0,11.75,9.0,0.0,0.0
12.0,11.75,9.0,0.0,0.0
12.0,11.75,9.0,0.0,0.0
12.0,11.75,9.0,0.0,0.0
12.0,11.75,9.0,0.0,0.0
10.8,0.0,0.0,0.05,0.0
10.8,0.0,0.0,0.05,0.0
10.8,0.0,0.0,0.05,0.0
10.8,0.0,0.0,0.05,0.0
10.8,0.0,0.0,0.05,0.0
11.65,4.5,0.0,0.0,13.5
11.65,4.5,0.0,0.0,13.5
11.65,4.5,0.0,0.0,13.5
11.65,4.5,0.0,0.0,13.5
11.65,4.5,0.0,0.0,13.5
10.9,1.55,0.0,13.35,0.0
10.9,1.55,0.0,13.35,0.0
10.9,1.55,0.0,13.35,0.0
10.9,1.55,0.0,13.35,0.0
10.9,1.55,0.0,13.35,0.0
8.2,0.0,0.0,0.0,3.9
8.2,0.0,0.0,0.0,3.9
8.2,0.0,0.0,0.0,3.9
8.2,0.0,0.0,0.0,3.9
8.2,0.0,0.0,0.0,3.9
9.25,7.5,0.0,9.0,0.0
9.25,7.5,0.0,9.0,0.0
9.25,7.5,0.0,9.0,0.0
9.25,7.5,0.0,9.0,0.0
9.25,7.5,0.0,9.0,0.0
6.55,0.0,12.0,0.0,0.0
6.55,0.0,12.0,0.0,0.0
6.55,0.0,12.0,0.0,0.0
6.55,0.0,12.0,0.0,0.0
6.55,0.0,12.0,0.0,0.0
7.5,6.0,11.85,9.05,0.0
7.5,6.0,11.85,9.05,0.0
7.5,6.0,11.85,9.05,0.0
7.5,6.0,11.85,9.05,0.0
7.5,6.0,11.85,9.05,0.0
8.75,0.0,0.0,3.0,0.0
8.75,0.0,0.0,3.0,0.0
8.75,0.0,0.0,3.0,0.0
8.75,0.0,0.0,3.0,0.0
8.75,0.0,0.0,3.0,0.0
8.7,11.85,1.5,1.5,0.0
8.7,11.85,1.5,1.5,0.0
8.7,11.85,1.5,1.5,0.0
8.7,11.85,1.5,1.5,0.0
8.7,11.85,1.5,1.5,0.0
12.0,10.5,0.0,13.5,0.0
12.0,10.5,0.0,13.5,0.0
12.0,10.5,0.0,13.5,0.0
12.0,10.5,0.0,13.5,0.0
12.0,10.5,0.0,13.5,0.0
7.7,0.0,0.0,0.0,10.55
7.7,0.0,0.0,0.0,10.55
7.7,0.0,0.0,0.0,10.55
7.7,0.0,0.0,0.0,10.55
7.7,0.0,0.0,0.0,10.55
12.9,1.5,0.0,4.5,7.35
12.9,1.5,0.0,4.5,7.35
12.9,1.5,0.0,4.5,7.35
12.9,1.5,0.0,4.5,7.35
12.9,1.5,0.0,4.5,7.35
12.6,11.55,0.0,9.05,8.85
12.6,11.55,0.0,9.05,8.85
12.6,11.55,0.0,9.05,8.85
12.6,11.55,0.0,9.05,8.85
12.6,11.55,0.0,9.05,8.85
13.35,10.5,2.9,0.0,0.0
13.35,10.5,2.9,0.0,0.0
13.35,10.5,2.9,0.0,0.0
13.35,10.5,2.9,0.0,0.0
13.35,10.5,2.9,0.0,0.0
10.85,0.0,6.0,0.0,0.0
10.85,0.0,6.0,0.0,0.0
10.85,0.0,6.0,0.0,0.0
10.85,0.0,6.0,0.0,0.0
10.85,0.0,6.0,0.0,0.0
11.2,0.0,0.0,7.35,6.0
11.2,0.0,0.0,7.35,6.0
11.2,0.0,0.0,7.35,6.0
11.2,0.0,0.0,7.35,6.0
11.2,0.0,0.0,7.35,6.0
5.85,0.0,10.5,0.0,0.0
5.85,0.0,10.5,0.0,0.0
5.85,0.0,10.5,0.0,0.0
5.85,0.0,10.5,0.0,0.0
5.85,0.0,10.5,0.0,0.0
5.85,4.5,0.0,4.5,10.5
5.85,4.5,0.0,4.5,10.5
5.85,4.5,0.0,4.5,10.5
5.85,4.5,0.0,4.5,10.5
5.85,4.5,0.0,4.5,10.5
11.65,8.9,12.05,0.0,0.0
11.65,8.9,12.05,0.0,0.0
11.65,8.9,12.05,0.0,0.0
11.65,8.9,12.05,0.0,0.0
11.65,8.9,12.05,0.0,0.0
10.25,4.5,0.0,0.0,0.0
10.25,4.5,0.0,0.0,0.0
10.25,4.5,0.0,0.0,0.0
10.25,4.5,0.0,0.0,0.0
10.25,4.5,0.0,0.0,0.0
13.15,5.75,13.5,8.45,9.05
13.15,5.75,13.5,8.45,9.05
13.15,5.75,13.5,8.45,9.05
13.15,5.75,13.5,8.45,9.05
13.15,5.75,13.5,8.45,9.05
11.0,9.0,0.0,0.0,4.5
11.0,9.0,0.0,0.0,4.5
11.0,9.0,0.0,0.0,4.5
11.0,9.0,0.0,0.0,4.5
11.0,9.0,0.0,0.0,4.5
11.85,0.0,0.0,0.0,0.0
11.85,0.0,0.0,0.0,0.0
11.85,0.0,0.0,0.0,0.0
11.85,0.0,0.0,0.0,0.0
11.85,0.0,0.0,0.0,0.0
11.2,0.0,0.0,4.35,12.0
11.2,0.0,0.0,4.35,12.0
11.2,0.0,0.0,4.35,12.0
11.2,0.0,0.0,4.35,12.0
11.2,0.0,0.0,4.35,12.0
8.9,1.5,12.9,0.0,0.0
8.9,1.5,12.9,0.0,0.0
8.9,1.5,12.9,0.0,0.0
8.9,1.5,12.9,0.0,0.0
8.9,1.5,12.9,0.0,0.0
11.7,0.0,0.0,0.0,0.0
11.7,0.0,0.0,0.0,0.0
11.7,0.0,0.0,0.0,0.0
11.7,0.0,0.0,0.0,0.0
11.7,0.0,0.0,0.0,0.0
11.5,0.0,12.0,0.0,7.55
11.5,0.0,12.0,0.0,7.55
11.5,0.0,12.0,0.0,7.55
11.5,0.0,12.0,0.0,7.55
11.5,0.0,12.0,0.0,7.55
11.55,0.0,0.0,0.0,1.55
11.55,0.0,0.0,0.0,1.55
11.55,0.0,0.0,0.0,1.55
11.55,0.0,0.0,0.0,1.55
11.55,0.0,0.0,0.0,1.55
6.15,0.0,0.0,13.5,0.0
6.15,0.0,0.0,13.5,0.0
6.15,0.0,0.0,13.5,0.0
6.15,0.0,0.0,13.5,0.0
6.15,0.0,0.0,13.5,0.0
9.5,0.0,0.0,11.9,0.0
9.5,0.0,0.0,11.9,0.0
9.5,0.0,0.0,11.9,0.0
9.5,0.0,0.0,11.9,0.0
9.5,0.0,0.0,11.9,0.0
10.55,8.85,0.0,7.55,13.5
10.55,8.85,0.0,7.55,13.5
10.55,8.85,0.0,7.55,13.5
10.55,8.85,0.0,7.55,13.5
10.55,8.85,0.0,7.55,13.5
9.95,12.0,10.55,0.0,3.05
9.95,12.0,10.55,0.0,3.05
9.95,12.0,10.55,0.0,3.05
9.95,12.0,10.55,0.0,3.05
9.95,12.0,10.55,0.0,3.05
8.55,0.0,0.0,9.0,0.0
8.55,0.0,0.0,9.0,0.0
8.55,0.0,0.0,9.0,0.0
8.55,0.0,0.0,9.0,0.0
8.55,0.0,0.0,9.0,0.0
11.0,13.5,5.85,13.5,0.0
11.0,13.5,5.85,13.5,0.0
11.0,13.5,5.85,13.5,0.0
11.0,13.5,5.85,13.5,0.0
11.0,13.5,5.85,13.5,0.0
7.25,13.4,1.5,10.5,0.0
7.25,13.4,1.5,10.5,0.0
7.25,13.4,1.5,10.5,0.0
7.25,13.4,1.5,10.5,0.0
7.25,13.4,1.5,10.5,0.0
0.0,0.0,0.0,0.0,0.0
0.0,0.0,0.0,0.0,0.0
0.0,0.0,0.0,0.0,0.0
0.0,0.0,0.0,0.0,0.0
0.0,0.0,0.0,0.0,0.0
12.75,0.0,0.0,0.0,4.55
12.75,0.0,0.0,0.0,4.55
12.75,0.0,0.0,0.0,4.55
12.75,0.0,0.0,0.0,4.55
12.75,0.0,0.0,0.0,4.55
11.8,0.0,13.35,13.5,0.0
11.8,0.0,13.35,13.5,0.0
11.8,0.0,13.35,13.5,0.0
11.8,0.0,13.35,13.5,0.0
11.8,0.0,13.35,13.5,0.0
6.9,2.9,0.0,1.55,0.0
6.9,2.9,0.0,1.55,0.0
6.9,2.9,0.0,1.55,0.0
6.9,2.9,0.0,1.55,0.0
6.9,2.9,0.0,1.55,0.0
12.4,0.0,2.9,0.0,0.0
12.4,0.0,2.9,0.0,0.0
12.4,0.0,2.9,0.0,0.0
12.4,0.0,2.9,0.0,0.0
12.4,0.0,2.9,0.0,0.0
13.15,0.0,0.0,0.0,9.0
13.15,0.0,0.0,0.0,9.0
13.15,0.0,0.0,0.0,9.0
13.15,0.0,0.0,0.0,9.0
13.15,0.0,0.0,0.0,9.0
5.4,7.35,13.5,0.0,0.0
5.4,7.35,13.5,0.0,0.0
5.4,7.35,13.5,0.0,0.0
5.4,7.35,13.5,0.0,0.0
5.4,7.35,13.5,0.0,0.0
12.4,0.0,12.0,12.05,11.85
12.4,0.0,12.0,12.05,11.85
12.4,0.0,12.0,12.05,11.85
12.4,0.0,12.0,12.05,11.85
12.4,0.0,12.0,12.05,11.85
12.3,4.5,0.0,0.0,0.0
12.3,4.5,0.0,0.0,0.0
12.3,4.5,0.0,0.0,0.0
12.3,4.5,0.0,0.0,0.0
12.3,4.5,0.0,0.0,0.0
10.3,0.0,0.0,0.0,0.0
10.3,0.0,0.0,0.0,0.0
10.3,0.0,0.0,0.0,0.0
10.3,0.0,0.0,0.0,0.0
10.3,0.0,0.0,0.0,0.0
6.15,3.05,0.0,0.0,0.0
6.15,3.05,0.0,0.0,0.0
6.15,3.05,0.0,0.0,0.0
6.15,3.05,0.0,0.0,0.0
6.15,3.05,0.0,0.0,0.0
10.35,4.5,4.5,0.0,0.0
10.35,4.5,4.5,0.0,0.0
10.35,4.5,4.5,0.0,0.0
10.35,4.5,4.5,0.0,0.0
10.35,4.5,4.5,0.0,0.0
11.45,3.05,0.0,4.5,0.0
11.45,3.05,0.0,4.5,0.0
11.45,3.05,0.0,4.5,0.0
11.45,3.05,0.0,4.5,0.0
11.45,3.05,0.0,4.5,0.0
8.15,13.35,6.9,11.85,0.0
8.15,13.35,6.9,11.85,0.0
8.15,13.35,6.9,11.85,0.0
8.15,13.35,6.9,11.85,0.0
8.15,13.35,6.9,11.85,0.0
4.05,0.0,0.0,4.5,0.0
4.05,0.0,0.0,4.5,0.0
4.05,0.0,0.0,4.5,0.0
4.05,0.0,0.0,4.5,0.0
4.05,0.0,0.0,4.5,0.0
12.9,0.0,1.5,7.5,2.85
12.9,0.0,1.5,7.5,2.85
12.9,0.0,1.5,7.5,2.85
12.9,0.0,1.5,7.5,2.85
12.9,0.0,1.5,7.5,2.85
8.45,10.5,3.0,0.0,0.0
8.45,10.5,3.0,0.0,0.0
8.45,10.5,3.0,0.0,0.0
8.45,10.5,3.0,0.0,0.0
8.45,10.5,3.0,0.0,0.0
9.6,10.4,6.05,0.0,0.0
9.6,10.4,6.05,0.0,0.0
9.6,10.4,6.05,0.0,0.0
9.6,10.4,6.05,0.0,0.0
9.6,10.4,6.05,0.0,0.0
10.65,10.4,10.5,1.55,12.0
10.65,10.4,10.5,1.55,12.0
10.65,10.4,10.5,1.55,12.0
10.65,10.4,10.5,1.55,12.0
10.65,10.4,10.5,1.55,12.0
4.5,0.0,0.0,0.0,0.0
4.5,0.0,0.0,0.0,0.0
4.5,0.0,0.0,0.0,0.0
4.5,0.0,0.0,0.0,0.0
4.5,0.0,0.0,0.0,0.0
11.6,0.0,6.05,0.0,9.0
11.6,0.0,6.05,0.0,9.0
11.6,0.0,6.05,0.0,9.0
11.6,0.0,6.05,0.0,9.0
11.6,0.0,6.05,0.0,9.0
7.8,0.0,0.0,8.9,0.0
7.8,0.0,0.0,8.9,0.0
7.8,0.0,0.0,8.9,0.0
7.8,0.0,0.0,8.9,0.0
7.8,0.0,0.0,8.9,0.0
4.35,0.0,0.0,13.5,0.0
4.35,0.0,0.0,13.5,0.0
4.35,0.0,0.0,13.5,0.0
4.35,0.0,0.0,13.5,0.0
4.35,0.0,0.0,13.5,0.0
12.45,0.0,4.55,0.0,0.0
12.45,0.0,4.55,0.0,0.0
12.45,0.0,4.55,0.0,0.0
12.45,0.0,4.55,0.0,0.0
12.45,0.0,4.55,0.0,0.0
10.8,0.0,13.5,0.0,1.5
10.8,0.0,13.5,0.0,1.5
10.8,0.0,13.5,0.0,1.5
10.8,0.0,13.5,0.0,1.5
10.8,0.0,13.5,0.0,1.5
12.0,0.0,0.0,0.0,0.0
12.0,0.0,0.0,0.0,0.0
12.0,0.0,0.0,0.0,0.0
12.0,0.0,0.0,0.0,0.0
12.0,0.0,0.0,0.0,0.0
11.1,12.9,12.0,0.0,10.05
11.1,12.9,12.0,0.0,10.05
11.1,12.9,12.0,0.0,10.05
11.1,12.9,12.0,0.0,10.05
11.1,12.9,12.0,0.0,10.05
12.2,10.5,4.55,0.0,0.0
12.2,10.5,4.55,0.0,0.0
12.2,10.5,4.55,0.0,0.0
12.2,10.5,4.55,0.0,0.0
12.2,10.5,4.55,0.0,0.0
12.75,0.0,4.5,10.5,9.0
12.75,0.0,4.5,10.5,9.0
12.75,0.0,4.5,10.5,9.0
12.75,0.0,4.5,10.5,9.0
12.75,0.0,4.5,10.5,9.0
12.0,2.85,0.0,0.0,13.5
12.0,2.85,0.0,0.0,13.5
12.0,2.85,0.0,0.0,13.5
12.0,2.85,0.0,0.0,13.5
12.0,2.85,0.0,0.0,13.5
5.7,0.0,9.05,0.0,1.5
5.7,0.0,9.05,0.0,1.5
5.7,0.0,9.05,0.0,1.5
5.7,0.0,9.05,0.0,1.5
5.7,0.0,9.05,0.0,1.5
3.85,6.0,9.05,0.0,0.0
3.85,6.0,9.05,0.0,0.0
3.85,6.0,9.05,0.0,0.0
3.85,6.0,9.05,0.0,0.0
3.85,6.0,9.05,0.0,0.0
12.0,0.0,8.4,1.5,6.0
12.0,0.0,8.4,1.5,6.0
12.0,0.0,8.4,1.5,6.0
12.0,0.0,8.4,1.5,6.0
12.0,0.0,8.4,1.5,6.0
4.55,0.0,0.0,1.35,0.0
4.55,0.0,0.0,1.35,0.0
4.55,0.0,0.0,1.35,0.0
4.55,0.0,0.0,1.35,0.0
4.55,0.0,0.0,1.35,0.0
12.4,0.0,0.0,12.0,0.0
12.4,0.0,0.0,12.0,0.0
12.4,0.0,0.0,12.0,0.0
12.4,0.0,0.0,12.0,0.0
12.4,0.0,0.0,12.0,0.0
7.6,11.9,0.0,0.0,0.0
7.6,11.9,0.0,0.0,0.0
7.6,11.9,0.0,0.0,0.0
7.6,11.9,0.0,0.0,0.0
7.6,11.9,0.0,0.0,0.0
9.2,6.0,9.05,7.35,0.0
9.2,6.0,9.05,7.35,0.0
9.2,6.0,9.05,7.35,0.0
9.2,6.0,9.05,7.35,0.0
9.2,6.0,9.05,7.35,0.0
10.25,0.0,0.0,6.05,6.0
10.25,0.0,0.0,6.05,6.0
10.25,0.0,0.0,6.05,6.0
10.25,0.0,0.0,6.05,6.0
10.25,0.0,0.0,6.05,6.0
8.35,0.0,0.0,0.0,0.0
8.35,0.0,0.0,0.0,0.0
8.35,0.0,0.0,0.0,0.0
8.35,0.0,0.0,0.0,0.0
8.35,0.0,0.0,0.0,0.0
12.75,0.0,0.0,0.0,0.0
12.75,0.0,0.0,0.0,0.0
12.75,0.0,0.0,0.0,0.0
12.75,0.0,0.0,0.0,0.0
12.75,0.0,0.0,0.0,0.0
11.25,0.0,0.0,1.55,13.5
11.25,0.0,0.0,1.55,13.5
11.25,0.0,0.0,1.55,13.5
11.25,0.0,0.0,1.55,13.5
11.25,0.0,0.0,1.55,13.5
6.05,4.5,0.0,8.85,12.0
6.05,4.5,0.0,8.85,12.0
6.05,4.5,0.0,8.85,12.0
6.05,4.5,0.0,8.85,12.0
6.05,4.5,0.0,8.85,12.0
11.55,10.35,0.0,0.0,0.0
11.55,10.35,0.0,0.0,0.0
11.55,10.35,0.0,0.0,0.0
11.55,10.35,0.0,0.0,0.0
11.55,10.35,0.0,0.0,0.0
11.9,0.0,3.05,0.0,0.0
11.9,0.0,3.05,0.0,0.0
11.9,0.0,3.05,0.0,0.0
11.9,0.0,3.05,0.0,0.0
11.9,0.0,3.05,0.0,0.0
11.75,9.75,0.0,0.0,0.0
11.75,9.75,0.0,0.0,0.0
11.75,9.75,0.0,0.0,0.0
11.75,9.75,0.0,0.0,0.0
11.75,9.75,0.0,0.0,0.0
13.2,0.0,0.0,0.0,0.0
13.2,0.0,0.0,0.0,0.0
13.2,0.0,0.0,0.0,0.0
13.2,0.0,0.0,0.0,0.0
13.2,0.0,0.0,0.0,0.0
13.35,0.0,4.55,8.85,0.0
13.35,0.0,4.55,8.85,0.0
13.35,0.0,4.55,8.85,0.0
13.35,0.0,4.55,8.85,0.0
13.35,0.0,4.55,8.85,0.0
11.4,0.0,13.55,3.0,0.0
11.4,0.0,13.55,3.0,0.0
11.4,0.0,13.55,3.0,0.0
11.4,0.0,13.55,3.0,0.0
11.4,0.0,13.55,3.0,0.0
6.0,0.0,0.0,0.0,4.5
6.0,0.0,0.0,0.0,4.5
6.0,0.0,0.0,0.0,4.5
6.0,0.0,0.0,0.0,4.5
6.0,0.0,0.0,0.0,4.5
13.35,0.0,0.05,0.0,0.0
13.35,0.0,0.05,0.0,0.0
13.35,0.0,0.05,0.0,0.0
13.35,0.0,0.05,0.0,0.0
13.35,0.0,0.05,0.0,0.0
0.0,0.0,0.0,0.0,0.0
0.0,0.0,0.0,0.0,0.0
0.0,0.0,0.0,0.0,0.0
0.0,0.0,0.0,0.0,0.0
0.0,0.0,0.0,0.0,0.0
7.55,13.55,0.0,8.85,0.0
7.55,13.55,0.0,8.85,0.0
7.55,13.55,0.0,8.85,0.0
7.55,13.55,0.0,8.85,0.0
7.55,13.55,0.0,8.85,0.0
13.55,6.0,8.45,0.0,13.5
13.55,6.0,8.45,0.0,13.5
13.55,6.0,8.45,0.0,13.5
13.55,6.0,8.45,0.0,13.5
13.55,6.0,8.45,0.0,13.5
12.55,9.0,11.9,10.4,0.0
12.55,9.0,11.9,10.4,0.0
12.55,9.0,11.9,10.4,0.0
12.55,9.0,11.9,10.4,0.0
12.55,9.0,11.9,10.4,0.0
12.15,0.0,1.5,0.0,10.5
12.15,0.0,1.5,0.0,10.5
12.15,0.0,1.5,0.0,10.5
12.15,0.0,1.5,0.0,10.5
12.15,0.0,1.5,0.0,10.5
12.05,0.0,0.0,6.0,0.0
12.05,0.0,0.0,6.0,0.0
12.05,0.0,0.0,6.0,0.0
12.05,0.0,0.0,6.0,0.0
12.05,0.0,0.0,6.0,0.0
13.4,7.5,0.0,0.0,0.0
13.4,7.5,0.0,0.0,0.0
13.4,7.5,0.0,0.0,0.0
13.4,7.5,0.0,0.0,0.0
13.4,7.5,0.0,0.0,0.0
1.5,0.0,0.0,4.5,1.55
1.5,0.0,0.0,4.5,1.55
1.5,0.0,0.0,4.5,1.55
1.5,0.0,0.0,4.5,1.55
1.5,0.0,0.0,4.5,1.55
